{
  "ADF_statistic": -4.436765044195092,
  "p_value": 0.00025538387462353704,
  "is_stationary": true
}