,Test_RMSE,Test_MAE,Test_R2
RNN,2.2449889839644466,1.766128161243799,0.7005065065666916
LSTM,2.6416669136904933,2.051175031127095,0.585318102922381
CNN+RNN Hybrid,2.717388662954372,2.1046208012446495,0.5612041803440828
GRU,2.831899411641879,2.2376690980673817,0.5234432672190775
Prophet,2.892573817402121,2.3499622648200846,0.5028037267635984
ARIMA,3.9855681398144416,3.280154510031536,0.05607075843105358
