{
  "ARIMA": {
    "description": "ARIMA(1, 0, 2) fit by maximum likelihood on the training set.",
    "params": {
      "order": [
        1,
        0,
        2
      ],
      "AIC": 13565.432093810214,
      "BIC": 13595.330500322152
    },
    "train": {
      "RMSE": 2.466346002608018,
      "MAE": 1.9368832582155806,
      "R2": 0.6301014664218851
    },
    "test": {
      "RMSE": 3.9855681398144416,
      "MAE": 3.280154510031536,
      "R2": 0.05607075843105358
    }
  },
  "RNN": {
    "description": "A SimpleRNN reads the last 30 days one day at a time, carrying a hidden state forward, and predicts day 31.",
    "params": {
      "window_size": 30,
      "epochs_run": 11,
      "final_train_loss": 0.008939886465668678,
      "final_val_loss": 0.009279879741370678
    },
    "train": {
      "RMSE": 2.4728782438562322,
      "MAE": 1.9405730337224094,
      "R2": 0.6190214067602708
    },
    "test": {
      "RMSE": 2.2449889839644466,
      "MAE": 1.766128161243799,
      "R2": 0.7005065065666916
    },
    "loss_curve": [
      0.016474267467856407,
      0.010036524385213852,
      0.009294589050114155,
      0.009243856184184551,
      0.009125783108174801,
      0.009109262377023697,
      0.008871939033269882,
      0.00923347007483244,
      0.009032147005200386,
      0.009530547074973583,
      0.008939886465668678
    ],
    "val_loss_curve": [
      0.009656787849962711,
      0.00967763364315033,
      0.009055941365659237,
      0.009531311690807343,
      0.009412131272256374,
      0.009145915508270264,
      0.010826908983290195,
      0.009677460417151451,
      0.009428553283214569,
      0.009194888174533844,
      0.009279879741370678
    ]
  },
  "LSTM": {
    "description": "An LSTM is a SimpleRNN with gated memory cells, designed to retain useful signal over longer windows without vanishing gradients.",
    "params": {
      "window_size": 30,
      "epochs_run": 8,
      "final_train_loss": 0.009939087554812431,
      "final_val_loss": 0.009910903871059418
    },
    "train": {
      "RMSE": 2.8322592168761895,
      "MAE": 2.2081829671091127,
      "R2": 0.5002404475795971
    },
    "test": {
      "RMSE": 2.6416669136904933,
      "MAE": 2.051175031127095,
      "R2": 0.585318102922381
    },
    "loss_curve": [
      0.023916566744446754,
      0.011509350501000881,
      0.011187263764441013,
      0.011169896461069584,
      0.010811831802129745,
      0.010508463717997074,
      0.010392618365585804,
      0.009939087554812431
    ],
    "val_loss_curve": [
      0.010734478011727333,
      0.010565638542175293,
      0.010387644171714783,
      0.01019222754985094,
      0.01016241405159235,
      0.009835687465965748,
      0.009800748899579048,
      0.009910903871059418
    ]
  },
  "GRU": {
    "description": "A GRU is a lighter-weight gated alternative to LSTM with fewer parameters but similar long-range memory behaviour.",
    "params": {
      "window_size": 30,
      "epochs_run": 8,
      "final_train_loss": 0.009044243022799492,
      "final_val_loss": 0.009343082085251808
    },
    "train": {
      "RMSE": 2.9627135509885947,
      "MAE": 2.3018593466846804,
      "R2": 0.45314217072871354
    },
    "test": {
      "RMSE": 2.831899411641879,
      "MAE": 2.2376690980673817,
      "R2": 0.5234432672190775
    },
    "loss_curve": [
      0.03687027841806412,
      0.011888929642736912,
      0.010689320042729378,
      0.010036487132310867,
      0.00959628913551569,
      0.009599581360816956,
      0.009211129508912563,
      0.009044243022799492
    ],
    "val_loss_curve": [
      0.011540462262928486,
      0.01091422513127327,
      0.00991746410727501,
      0.009549164213240147,
      0.0093626594170928,
      0.009225231595337391,
      0.009760829620063305,
      0.009343082085251808
    ]
  },
  "CNN+RNN Hybrid": {
    "description": "A 1-D convolution first extracts local shape features (e.g. short warm/cold streaks) from the 30-day window, then a SimpleRNN summarizes those features over time before predicting day 31.",
    "params": {
      "window_size": 30,
      "epochs_run": 8,
      "final_train_loss": 0.009289375506341457,
      "final_val_loss": 0.009862887673079967
    },
    "train": {
      "RMSE": 2.857290387222228,
      "MAE": 2.234196758979499,
      "R2": 0.491367781232702
    },
    "test": {
      "RMSE": 2.717388662954372,
      "MAE": 2.1046208012446495,
      "R2": 0.5612041803440828
    },
    "loss_curve": [
      0.02211456000804901,
      0.011202370747923851,
      0.010285249911248684,
      0.009875395335257053,
      0.009788060560822487,
      0.009536837227642536,
      0.009721136651933193,
      0.009289375506341457
    ],
    "val_loss_curve": [
      0.01139527652412653,
      0.010091057047247887,
      0.010314333252608776,
      0.009963016025722027,
      0.009941182099282742,
      0.009751662611961365,
      0.009711802005767822,
      0.009862887673079967
    ]
  },
  "Prophet": {
    "description": "Facebook/Meta Prophet decomposes the series into trend + yearly seasonality using Fourier terms and changepoints, fit with a Bayesian curve-fitting procedure (no autoregression).",
    "params": {
      "yearly_fourier_terms": 10
    },
    "train": {
      "RMSE": 2.7455161549275258,
      "MAE": 2.171170921302921,
      "R2": 0.5416232198962518
    },
    "test": {
      "RMSE": 2.892573817402121,
      "MAE": 2.3499622648200846,
      "R2": 0.5028037267635984
    }
  }
}